player_id,player_name,event_id,event_name,event_date,season,total_strokes,rounds_played
fictional_1,Aster Vale,synth_2015,Synthetic Meadow,2015-06-01,2015,280,4
fictional_2,Birch Cove,synth_2015,Synthetic Meadow,2015-06-01,2015,284,4
fictional_3,Cedar Wren,synth_2015,Synthetic Meadow,2015-06-01,2015,148,2
fictional_4,Dune Lark,synth_2015,Synthetic Meadow,2015-06-01,2015,150,2
fictional_1,Aster Vale,synth_2016,Synthetic Valley,2016-06-01,2016,282,4
fictional_2,Birch Cove,synth_2016,Synthetic Valley,2016-06-01,2016,278,4
fictional_3,Cedar Wren,synth_2016,Synthetic Valley,2016-06-01,2016,286,4
fictional_4,Dune Lark,synth_2016,Synthetic Valley,2016-06-01,2016,149,2
fictional_1,Aster Vale,synth_2017,Synthetic Pines,2017-06-01,2017,276,4
fictional_2,Birch Cove,synth_2017,Synthetic Pines,2017-06-01,2017,280,4
fictional_3,Cedar Wren,synth_2017,Synthetic Pines,2017-06-01,2017,280,4
fictional_4,Dune Lark,synth_2017,Synthetic Pines,2017-06-01,2017,146,2
fictional_1,Aster Vale,synth_2018,Synthetic River,2018-06-01,2018,281,4
fictional_2,Birch Cove,synth_2018,Synthetic River,2018-06-01,2018,279,4
fictional_3,Cedar Wren,synth_2018,Synthetic River,2018-06-01,2018,147,2
fictional_4,Dune Lark,synth_2018,Synthetic River,2018-06-01,2018,150,2
fictional_1,Aster Vale,synth_2019,Synthetic Grove,2019-06-01,2019,275,4
fictional_2,Birch Cove,synth_2019,Synthetic Grove,2019-06-01,2019,277,4
fictional_3,Cedar Wren,synth_2019,Synthetic Grove,2019-06-01,2019,284,4
fictional_4,Dune Lark,synth_2019,Synthetic Grove,2019-06-01,2019,146,2
fictional_1,Aster Vale,synth_2020,Synthetic Hills,2020-06-01,2020,279,4
fictional_2,Birch Cove,synth_2020,Synthetic Hills,2020-06-01,2020,279,4
fictional_3,Cedar Wren,synth_2020,Synthetic Hills,2020-06-01,2020,283,4
fictional_4,Dune Lark,synth_2020,Synthetic Hills,2020-06-01,2020,148,2
fictional_1,Aster Vale,synth_2021,Synthetic Marsh,2021-06-01,2021,278,4
fictional_2,Birch Cove,synth_2021,Synthetic Marsh,2021-06-01,2021,281,4
fictional_3,Cedar Wren,synth_2021,Synthetic Marsh,2021-06-01,2021,285,4
fictional_4,Dune Lark,synth_2021,Synthetic Marsh,2021-06-01,2021,150,2
fictional_1,Aster Vale,synth_2022,Synthetic Heath,2022-06-01,2022,280,4
fictional_2,Birch Cove,synth_2022,Synthetic Heath,2022-06-01,2022,278,4
fictional_3,Cedar Wren,synth_2022,Synthetic Heath,2022-06-01,2022,284,4
fictional_4,Dune Lark,synth_2022,Synthetic Heath,2022-06-01,2022,149,2
